{
  "label": "latest-order1",
  "audar_revision": "51f5635f32de3ab45ff28a4b958464532225b247",
  "codec_revision": "30c1fdd19e68aee65d542cf043750d4c0165893e",
  "model_path": "audarai/Audar-TTS-V1-Turbo",
  "reference_file": "samples/demo_male_1_ar.wav",
  "reference_text": "لا يمكنني الانتظار لأخبرك — [excited] لقد أنجزنا المشروع أخيراً بعد كلّ هذا التعب، [laughs] وصدّقني، إنه أجمل شعورٍ على الإطلاق!",
  "target_text": "يسرّنا أن نختبر اليوم نظام تحويل النص العربي إلى كلام واضح وطبيعي.",
  "seed": 1234,
  "max_new_tokens": 512,
  "repeats": 7,
  "initialization_s": 7.295135922031477,
  "deterministic_codes": true,
  "deterministic_waveform": true,
  "summary": {
    "reference_s": {
      "min": 0.000344960018992424,
      "median": 0.00036486005410552025,
      "max": 0.48948013596236706,
      "mean": 0.07023876266820091
    },
    "engine_wall_s": {
      "min": 1.0621728859841824,
      "median": 1.068486186908558,
      "max": 1.131730301072821,
      "mean": 1.0763156504503317
    },
    "vocoder_s": {
      "min": 0.007271914975717664,
      "median": 0.007598096039146185,
      "max": 0.1696745571680367,
      "mean": 0.030694844666868448
    },
    "total_s": {
      "min": 1.069843830773607,
      "median": 1.0765647236257792,
      "max": 1.790940772043541,
      "mean": 1.1772897835222207
    },
    "rtf": {
      "min": 0.1876919001357205,
      "median": 0.18887100414487354,
      "max": 0.31420013544623526,
      "mean": 0.2065420672846001
    },
    "engine_tokens_per_s": {
      "min": 276.5691621269011,
      "median": 294.39411437922746,
      "max": 295.50276393963713,
      "mean": 292.0224065794335
    }
  },
  "warmup_iterations_excluded": 1,
  "warm_summary": {
    "reference_s": {
      "min": 0.000344960018992424,
      "median": 0.0003645594697445631,
      "max": 0.00038000079803168774,
      "mean": 0.0003652004525065422
    },
    "engine_wall_s": {
      "min": 1.0621728859841824,
      "median": 1.0682170799700543,
      "max": 1.0708487289957702,
      "mean": 1.0670798753465836
    },
    "vocoder_s": {
      "min": 0.007271914975717664,
      "median": 0.007506186957471073,
      "max": 0.007934108842164278,
      "mean": 0.007531559250007073
    },
    "total_s": {
      "min": 1.069843830773607,
      "median": 1.0762604064075276,
      "max": 1.0791963019873947,
      "mean": 1.075014618768667
    },
    "rtf": {
      "min": 0.1876919001357205,
      "median": 0.18881761515921536,
      "max": 0.18933268455919205,
      "mean": 0.18859905592432757
    },
    "engine_tokens_per_s": {
      "min": 293.3398804240128,
      "median": 294.7015453524871,
      "max": 295.50276393963713,
      "mean": 294.5979473215222
    }
  },
  "iterations": [
    {
      "index": 0,
      "preprocessing_s": 5.5777840316295624e-05,
      "reference_s": 0.48948013596236706,
      "engine_wall_s": 1.131730301072821,
      "engine_reported_s": 1.03048365120776,
      "vocoder_s": 0.1696745571680367,
      "total_s": 1.790940772043541,
      "output_duration_s": 5.7,
      "rtf": 0.31420013544623526,
      "prompt_tokens": 632,
      "completion_tokens": 285,
      "engine_tokens_per_s": 276.5691621269011,
      "audio_code_count": 285,
      "audio_code_sha256": "f9f63e0ca99e82bf7bbcab20a3b6d6fc7e36bc73a320f2f84a7942edde6bc98e",
      "waveform_sample_count": 136800,
      "waveform_sha256": "44ec732c1243bf5d6115783b318de2cd7691f5ba0ab6a75c1e01ea85eae73492",
      "waveform_rms": 0.1309211552143097,
      "waveform_peak": 0.7778986096382141
    },
    {
      "index": 1,
      "preprocessing_s": 4.860409535467625e-05,
      "reference_s": 0.00036486005410552025,
      "engine_wall_s": 1.0708487289957702,
      "engine_reported_s": 0.9715692240279168,
      "vocoder_s": 0.007934108842164278,
      "total_s": 1.0791963019873947,
      "output_duration_s": 5.7,
      "rtf": 0.18933268455919205,
      "prompt_tokens": 632,
      "completion_tokens": 285,
      "engine_tokens_per_s": 293.3398804240128,
      "audio_code_count": 285,
      "audio_code_sha256": "f9f63e0ca99e82bf7bbcab20a3b6d6fc7e36bc73a320f2f84a7942edde6bc98e",
      "waveform_sample_count": 136800,
      "waveform_sha256": "44ec732c1243bf5d6115783b318de2cd7691f5ba0ab6a75c1e01ea85eae73492",
      "waveform_rms": 0.1309211552143097,
      "waveform_peak": 0.7778986096382141
    },
    {
      "index": 2,
      "preprocessing_s": 3.6675017327070236e-05,
      "reference_s": 0.00036425888538360596,
      "engine_wall_s": 1.068486186908558,
      "engine_reported_s": 0.9680900061503053,
      "vocoder_s": 0.007677602814510465,
      "total_s": 1.0765647236257792,
      "output_duration_s": 5.7,
      "rtf": 0.18887100414487354,
      "prompt_tokens": 632,
      "completion_tokens": 285,
      "engine_tokens_per_s": 294.39411437922746,
      "audio_code_count": 285,
      "audio_code_sha256": "f9f63e0ca99e82bf7bbcab20a3b6d6fc7e36bc73a320f2f84a7942edde6bc98e",
      "waveform_sample_count": 136800,
      "waveform_sha256": "44ec732c1243bf5d6115783b318de2cd7691f5ba0ab6a75c1e01ea85eae73492",
      "waveform_rms": 0.1309211552143097,
      "waveform_peak": 0.7778986096382141
    },
    {
      "index": 3,
      "preprocessing_s": 3.600609488785267e-05,
      "reference_s": 0.0003740140236914158,
      "engine_wall_s": 1.0679479730315506,
      "engine_reported_s": 0.9689092570915818,
      "vocoder_s": 0.007598096039146185,
      "total_s": 1.075956089189276,
      "output_duration_s": 5.7,
      "rtf": 0.1887642261735572,
      "prompt_tokens": 632,
      "completion_tokens": 285,
      "engine_tokens_per_s": 294.14519255961824,
      "audio_code_count": 285,
      "audio_code_sha256": "f9f63e0ca99e82bf7bbcab20a3b6d6fc7e36bc73a320f2f84a7942edde6bc98e",
      "waveform_sample_count": 136800,
      "waveform_sha256": "44ec732c1243bf5d6115783b318de2cd7691f5ba0ab6a75c1e01ea85eae73492",
      "waveform_rms": 0.1309211552143097,
      "waveform_peak": 0.7778986096382141
    },
    {
      "index": 4,
      "preprocessing_s": 3.754720091819763e-05,
      "reference_s": 0.00038000079803168774,
      "engine_wall_s": 1.0636090410407633,
      "engine_reported_s": 0.9660722990520298,
      "vocoder_s": 0.00741427787579596,
      "total_s": 1.071440866915509,
      "output_duration_s": 5.7,
      "rtf": 0.1879720819150016,
      "prompt_tokens": 632,
      "completion_tokens": 285,
      "engine_tokens_per_s": 295.00897632574674,
      "audio_code_count": 285,
      "audio_code_sha256": "f9f63e0ca99e82bf7bbcab20a3b6d6fc7e36bc73a320f2f84a7942edde6bc98e",
      "waveform_sample_count": 136800,
      "waveform_sha256": "44ec732c1243bf5d6115783b318de2cd7691f5ba0ab6a75c1e01ea85eae73492",
      "waveform_rms": 0.1309211552143097,
      "waveform_peak": 0.7778986096382141
    },
    {
      "index": 5,
      "preprocessing_s": 3.592087887227535e-05,
      "reference_s": 0.0003631089348345995,
      "engine_wall_s": 1.0621728859841824,
      "engine_reported_s": 0.9644579840824008,
      "vocoder_s": 0.007271914975717664,
      "total_s": 1.069843830773607,
      "output_duration_s": 5.7,
      "rtf": 0.1876919001357205,
      "prompt_tokens": 632,
      "completion_tokens": 285,
      "engine_tokens_per_s": 295.50276393963713,
      "audio_code_count": 285,
      "audio_code_sha256": "f9f63e0ca99e82bf7bbcab20a3b6d6fc7e36bc73a320f2f84a7942edde6bc98e",
      "waveform_sample_count": 136800,
      "waveform_sha256": "44ec732c1243bf5d6115783b318de2cd7691f5ba0ab6a75c1e01ea85eae73492",
      "waveform_rms": 0.1309211552143097,
      "waveform_peak": 0.7778986096382141
    },
    {
      "index": 6,
      "preprocessing_s": 3.3149030059576035e-05,
      "reference_s": 0.000344960018992424,
      "engine_wall_s": 1.0694144361186773,
      "engine_reported_s": 0.9654577630572021,
      "vocoder_s": 0.007293354952707887,
      "total_s": 1.0770859001204371,
      "output_duration_s": 5.7,
      "rtf": 0.18896243861762055,
      "prompt_tokens": 632,
      "completion_tokens": 285,