{
  "label": "pre-t1-order1",
  "audar_revision": "51f5635f32de3ab45ff28a4b958464532225b247",
  "codec_revision": "30c1fdd19e68aee65d542cf043750d4c0165893e",
  "model_path": "audarai/Audar-TTS-V1-Turbo",
  "reference_file": "samples/demo_male_1_ar.wav",
  "reference_text": "لا يمكنني الانتظار لأخبرك — [excited] لقد أنجزنا المشروع أخيراً بعد كلّ هذا التعب، [laughs] وصدّقني، إنه أجمل شعورٍ على الإطلاق!",
  "target_text": "يسرّنا أن نختبر اليوم نظام تحويل النص العربي إلى كلام واضح وطبيعي.",
  "seed": 1234,
  "max_new_tokens": 512,
  "repeats": 7,
  "initialization_s": 7.176460763905197,
  "deterministic_codes": true,
  "deterministic_waveform": true,
  "summary": {
    "reference_s": {
      "min": 0.00031409296207129955,
      "median": 0.0003771239425987005,
      "max": 0.4745429439935833,
      "mean": 0.06809395897601332
    },
    "engine_wall_s": {
      "min": 1.0644993740133941,
      "median": 1.0682497608941048,
      "max": 1.131304576061666,
      "mean": 1.0818657932603466
    },
    "vocoder_s": {
      "min": 0.007017536088824272,
      "median": 0.007548888912424445,
      "max": 0.3993928770069033,
      "mean": 0.06371079398585218
    },
    "total_s": {
      "min": 1.0718713751994073,
      "median": 1.0761356458533555,
      "max": 2.005280917044729,
      "mean": 1.2136997002775647
    },
    "rtf": {
      "min": 0.18804760968410655,
      "median": 0.18879572734269395,
      "max": 0.35180366965696996,
      "mean": 0.21292977197852014
    },
    "engine_tokens_per_s": {
      "min": 277.1657924981699,
      "median": 293.9849997202357,
      "max": 294.84520117049055,
      "mean": 290.81314554094917
    }
  },
  "iterations": [
    {
      "index": 0,
      "preprocessing_s": 4.051998257637024e-05,
      "reference_s": 0.4745429439935833,
      "engine_wall_s": 1.131304576061666,
      "engine_reported_s": 1.0282654198817909,
      "vocoder_s": 0.3993928770069033,
      "total_s": 2.005280917044729,
      "output_duration_s": 5.7,
      "rtf": 0.35180366965696996,
      "prompt_tokens": 632,
      "completion_tokens": 285,
      "engine_tokens_per_s": 277.1657924981699,
      "audio_code_count": 285,
      "audio_code_sha256": "f9f63e0ca99e82bf7bbcab20a3b6d6fc7e36bc73a320f2f84a7942edde6bc98e",
      "waveform_sample_count": 136800,
      "waveform_sha256": "44ec732c1243bf5d6115783b318de2cd7691f5ba0ab6a75c1e01ea85eae73492",
      "waveform_rms": 0.1309211552143097,
      "waveform_peak": 0.7778986096382141
    },
    {
      "index": 1,
      "preprocessing_s": 3.7229154258966446e-05,
      "reference_s": 0.00037942687049508095,
      "engine_wall_s": 1.0872988160699606,
      "engine_reported_s": 0.9854041698854417,
      "vocoder_s": 0.009330751840025187,
      "total_s": 1.0970462239347398,
      "output_duration_s": 5.7,
      "rtf": 0.19246424981311225,
      "prompt_tokens": 632,
      "completion_tokens": 285,
      "engine_tokens_per_s": 289.2214268112268,
      "audio_code_count": 285,
      "audio_code_sha256": "f9f63e0ca99e82bf7bbcab20a3b6d6fc7e36bc73a320f2f84a7942edde6bc98e",
      "waveform_sample_count": 136800,
      "waveform_sha256": "44ec732c1243bf5d6115783b318de2cd7691f5ba0ab6a75c1e01ea85eae73492",
      "waveform_rms": 0.1309211552143097,
      "waveform_peak": 0.7778986096382141
    },
    {
      "index": 2,
      "preprocessing_s": 3.004400059580803e-05,
      "reference_s": 0.0003795800730586052,
      "engine_wall_s": 1.0901582539081573,
      "engine_reported_s": 0.978496499825269,
      "vocoder_s": 0.008151184068992734,
      "total_s": 1.0987190620508045,
      "output_duration_s": 5.7,
      "rtf": 0.19275773018435166,
      "prompt_tokens": 632,
      "completion_tokens": 285,
      "engine_tokens_per_s": 291.26317779459885,
      "audio_code_count": 285,
      "audio_code_sha256": "f9f63e0ca99e82bf7bbcab20a3b6d6fc7e36bc73a320f2f84a7942edde6bc98e",
      "waveform_sample_count": 136800,
      "waveform_sha256": "44ec732c1243bf5d6115783b318de2cd7691f5ba0ab6a75c1e01ea85eae73492",
      "waveform_rms": 0.1309211552143097,
      "waveform_peak": 0.7778986096382141
    },
    {
      "index": 3,
      "preprocessing_s": 2.4904031306505203e-05,
      "reference_s": 0.0003771239425987005,
      "engine_wall_s": 1.0653342478908598,
      "engine_reported_s": 0.96743407798931,
      "vocoder_s": 0.007438821019604802,
      "total_s": 1.0731750968843699,
      "output_duration_s": 5.7,
      "rtf": 0.18827633278673156,
      "prompt_tokens": 632,
      "completion_tokens": 285,
      "engine_tokens_per_s": 294.5937159794253,
      "audio_code_count": 285,
      "audio_code_sha256": "f9f63e0ca99e82bf7bbcab20a3b6d6fc7e36bc73a320f2f84a7942edde6bc98e",
      "waveform_sample_count": 136800,
      "waveform_sha256": "44ec732c1243bf5d6115783b318de2cd7691f5ba0ab6a75c1e01ea85eae73492",
      "waveform_rms": 0.1309211552143097,
      "waveform_peak": 0.7778986096382141
    },
    {
      "index": 4,
      "preprocessing_s": 2.4625100195407867e-05,
      "reference_s": 0.0003339329268783331,
      "engine_wall_s": 1.0662155239842832,
      "engine_reported_s": 0.9673553060274571,
      "vocoder_s": 0.007095498964190483,
      "total_s": 1.0736695809755474,
      "output_duration_s": 5.7,
      "rtf": 0.18836308438167498,
      "prompt_tokens": 632,
      "completion_tokens": 285,
      "engine_tokens_per_s": 294.6177048124969,
      "audio_code_count": 285,
      "audio_code_sha256": "f9f63e0ca99e82bf7bbcab20a3b6d6fc7e36bc73a320f2f84a7942edde6bc98e",
      "waveform_sample_count": 136800,
      "waveform_sha256": "44ec732c1243bf5d6115783b318de2cd7691f5ba0ab6a75c1e01ea85eae73492",
      "waveform_rms": 0.1309211552143097,
      "waveform_peak": 0.7778986096382141
    },
    {
      "index": 5,
      "preprocessing_s": 2.3853033781051636e-05,
      "reference_s": 0.00033061206340789795,
      "engine_wall_s": 1.0644993740133941,
      "engine_reported_s": 0.9666089150123298,
      "vocoder_s": 0.007017536088824272,
      "total_s": 1.0718713751994073,
      "output_duration_s": 5.7,
      "rtf": 0.18804760968410655,
      "prompt_tokens": 632,
      "completion_tokens": 285,
      "engine_tokens_per_s": 294.84520117049055,
      "audio_code_count": 285,
      "audio_code_sha256": "f9f63e0ca99e82bf7bbcab20a3b6d6fc7e36bc73a320f2f84a7942edde6bc98e",
      "waveform_sample_count": 136800,
      "waveform_sha256": "44ec732c1243bf5d6115783b318de2cd7691f5ba0ab6a75c1e01ea85eae73492",
      "waveform_rms": 0.1309211552143097,
      "waveform_peak": 0.7778986096382141
    },
    {
      "index": 6,
      "preprocessing_s": 2.2903084754943848e-05,
      "reference_s": 0.00031409296207129955,
      "engine_wall_s": 1.0682497608941048,
      "engine_reported_s": 0.9694372171070427,
      "vocoder_s": 0.007548888912424445,
      "total_s": 1.0761356458533555,
      "output_duration_s": 5.7,
      "rtf": 0.18879572734269395,
      "prompt_tokens": 632,
      "completion_tokens": 285,
      "engine_tokens_per_s": 293.9849997202357,
      "audio_code_count": 285,
      "audio_code_sha256": "f9f63e0ca99e82bf7bbcab20a3b6d6fc7e36bc73a320f2f84a7942edde6bc98e",
      "waveform_sample_count": 136800,
      "waveform_sha256": "44ec732c1243bf5d6115783b318de2cd7691f5ba0ab6a75c1e01ea85eae73492",
      "waveform_rms": 0.1309211552143097,
      "waveform_peak": 0.7778986096382141
    }
  ]
}
