{
  "total_samples": 50,
  "evaluated": 50,
  "skipped": 0,
  "asr_latency_mean_s": 0.37353939215652643,
  "asr_latency_median_s": 0.3626721145119518,
  "asr_latency_p95_s": 0.653140857396647,
  "asr_latency_p99_s": 0.7599891802412457,
  "asr_total_time_s": 1.274850444868207,
  "asr_latency_sum_s": 18.676969607826322,
  "asr_throughput_samples_per_s": 39.22028674129612,
  "asr_rtf_mean": 0.04629990902334178,
  "asr_rtf_median": 0.046549830119942764,
  "asr_audio_processed_s": 406.28,
  "asr_model": "Qwen/Qwen3-ASR-1.7B",
  "asr_concurrency": 16
}
